message_id,channel_name,image_path,category,detected_objects,num_detections,max_confidence,detections_json
10,CheMed123,data\raw\images\CheMed123\10.jpg,other,,0,0.0,[]
11,CheMed123,data\raw\images\CheMed123\11.jpg,other,clock,1,0.4273,"[{'class': 'clock', 'confidence': 0.4272933602333069, 'bbox': [14.79415512084961, 68.83792877197266, 1017.0598754882812, 1015.8035278320312]}]"
13,CheMed123,data\raw\images\CheMed123\13.jpg,other,"hot dog, donut, hot dog, donut, hot dog, hot dog",6,0.5039,"[{'class': 'hot dog', 'confidence': 0.5038560032844543, 'bbox': [525.9769287109375, 634.03759765625, 640.9716796875, 752.583984375]}, {'class': 'donut', 'confidence': 0.3989974856376648, 'bbox': [591.7051391601562, 588.3563232421875, 700.2650756835938, 706.5772705078125]}, {'class': 'hot dog', 'confidence': 0.30973342061042786, 'bbox': [298.99737548828125, 615.65869140625, 401.0133056640625, 716.1962890625]}, {'class': 'donut', 'confidence': 0.29692158102989197, 'bbox': [483.271728515625, 559.5343017578125, 580.877685546875, 645.15478515625]}, {'class': 'hot dog', 'confidence': 0.2636592388153076, 'bbox': [470.69189453125, 687.9140014648438, 582.2236328125, 789.9092407226562]}, {'class': 'hot dog', 'confidence': 0.25024130940437317, 'bbox': [482.82623291015625, 559.193359375, 581.6253051757812, 644.184814453125]}]"
14,CheMed123,data\raw\images\CheMed123\14.jpg,other,,0,0.0,[]
15,CheMed123,data\raw\images\CheMed123\15.jpg,other,,0,0.0,[]
17,CheMed123,data\raw\images\CheMed123\17.jpg,product_display,"bottle, bottle, bottle, bottle, bottle, bottle, bottle, bottle, bottle, bottle, bottle",11,0.526,"[{'class': 'bottle', 'confidence': 0.5259650349617004, 'bbox': [399.20867919921875, 509.6058349609375, 445.15252685546875, 607.4102783203125]}, {'class': 'bottle', 'confidence': 0.49454933404922485, 'bbox': [501.37841796875, 451.9906005859375, 542.0057373046875, 548.2236328125]}, {'class': 'bottle', 'confidence': 0.4317871928215027, 'bbox': [466.9656982421875, 586.1439208984375, 507.9967041015625, 657.5914306640625]}, {'class': 'bottle', 'confidence': 0.3873794972896576, 'bbox': [574.7398681640625, 374.265625, 605.7822265625, 462.2757568359375]}, {'class': 'bottle', 'confidence': 0.38497117161750793, 'bbox': [494.150634765625, 577.7921142578125, 536.541015625, 673.1878662109375]}, {'class': 'bottle', 'confidence': 0.3799237012863159, 'bbox': [435.9056396484375, 531.8917236328125, 482.854736328125, 636.8275146484375]}, {'class': 'bottle', 'confidence': 0.374876469373703, 'bbox': [376.343017578125, 287.2034912109375, 446.0543212890625, 484.5555419921875]}, {'class': 'bottle', 'confidence': 0.3264196515083313, 'bbox': [633.582275390625, 510.8115234375, 666.484375, 594.7371826171875]}, {'class': 'bottle', 'confidence': 0.2848581373691559, 'bbox': [585.3197021484375, 525.00390625, 614.3363037109375, 597.0908203125]}, {'class': 'bottle', 'confidence': 0.27928799390792847, 'bbox': [610.6633911132812, 513.0506591796875, 638.2064819335938, 605.114501953125]}, {'class': 'bottle', 'confidence': 0.27187925577163696, 'bbox': [601.27880859375, 390.3765869140625, 631.686767578125, 446.43408203125]}]"
18,CheMed123,data\raw\images\CheMed123\18.jpg,other,,0,0.0,[]
19,CheMed123,data\raw\images\CheMed123\19.jpg,lifestyle,"person, person, dining table, dining table",4,0.9401,"[{'class': 'person', 'confidence': 0.9401442408561707, 'bbox': [676.1405029296875, 428.8314208984375, 1181.8526611328125, 876.30322265625]}, {'class': 'person', 'confidence': 0.9276632070541382, 'bbox': [62.58905029296875, 381.71710205078125, 569.59912109375, 865.6168823242188]}, {'class': 'dining table', 'confidence': 0.3616376519203186, 'bbox': [7.201904296875, 816.9187622070312, 1164.156982421875, 959.2965698242188]}, {'class': 'dining table', 'confidence': 0.32224997878074646, 'bbox': [7.536865234375, 738.8099365234375, 1277.37548828125, 959.5399169921875]}]"
2,CheMed123,data\raw\images\CheMed123\2.jpg,product_display,bottle,1,0.3872,"[{'class': 'bottle', 'confidence': 0.38718315958976746, 'bbox': [384.7618713378906, 355.11126708984375, 547.1652221679688, 647.0660400390625]}]"
20,CheMed123,data\raw\images\CheMed123\20.jpg,lifestyle,"person, person, dining table, dining table",4,0.9401,"[{'class': 'person', 'confidence': 0.9401442408561707, 'bbox': [676.1405029296875, 428.8314208984375, 1181.8526611328125, 876.30322265625]}, {'class': 'person', 'confidence': 0.9276632070541382, 'bbox': [62.58905029296875, 381.71710205078125, 569.59912109375, 865.6168823242188]}, {'class': 'dining table', 'confidence': 0.3616376519203186, 'bbox': [7.201904296875, 816.9187622070312, 1164.156982421875, 959.2965698242188]}, {'class': 'dining table', 'confidence': 0.32224997878074646, 'bbox': [7.536865234375, 738.8099365234375, 1277.37548828125, 959.5399169921875]}]"
21,CheMed123,data\raw\images\CheMed123\21.jpg,other,bird,1,0.2526,"[{'class': 'bird', 'confidence': 0.2525572180747986, 'bbox': [688.147705078125, 362.201416015625, 786.7785034179688, 377.78216552734375]}]"
22,CheMed123,data\raw\images\CheMed123\22.jpg,other,stop sign,1,0.2775,"[{'class': 'stop sign', 'confidence': 0.2775057554244995, 'bbox': [93.78785705566406, 141.28897094726562, 251.88888549804688, 298.7702941894531]}]"
23,CheMed123,data\raw\images\CheMed123\23.jpg,product_display,cell phone,1,0.6107,"[{'class': 'cell phone', 'confidence': 0.6106981039047241, 'bbox': [484.6922302246094, 281.57470703125, 707.8577880859375, 595.732666015625]}]"
25,CheMed123,data\raw\images\CheMed123\25.jpg,promotional,"cell phone, person",2,0.8613,"[{'class': 'cell phone', 'confidence': 0.8613102436065674, 'bbox': [466.7837219238281, 158.56838989257812, 777.9821166992188, 624.7767944335938]}, {'class': 'person', 'confidence': 0.6283656358718872, 'bbox': [313.88140869140625, 466.50286865234375, 862.454345703125, 786.8994140625]}]"
26,CheMed123,data\raw\images\CheMed123\26.jpg,promotional,"person, cup, book, book",4,0.8276,"[{'class': 'person', 'confidence': 0.8275557160377502, 'bbox': [1.714111328125, 113.360107421875, 530.21923828125, 687.920166015625]}, {'class': 'cup', 'confidence': 0.4267366826534271, 'bbox': [719.478515625, 4.8861083984375, 1275.591064453125, 727.99267578125]}, {'class': 'book', 'confidence': 0.3177131712436676, 'bbox': [20.84246826171875, 282.3812255859375, 997.355712890625, 786.17919921875]}, {'class': 'book', 'confidence': 0.31305086612701416, 'bbox': [16.299896240234375, 272.3961181640625, 1015.4136962890625, 1006.3077392578125]}]"
27,CheMed123,data\raw\images\CheMed123\27.jpg,other,,0,0.0,[]
29,CheMed123,data\raw\images\CheMed123\29.jpg,lifestyle,"person, surfboard, person, person",4,0.6185,"[{'class': 'person', 'confidence': 0.6185224652290344, 'bbox': [6.02606201171875, 60.858612060546875, 616.0000610351562, 1041.597412109375]}, {'class': 'surfboard', 'confidence': 0.5944799780845642, 'bbox': [5.8128662109375, 548.3811645507812, 617.3494873046875, 1004.6292114257812]}, {'class': 'person', 'confidence': 0.527970552444458, 'bbox': [0.0, 62.66412353515625, 435.18463134765625, 994.8016967773438]}, {'class': 'person', 'confidence': 0.2781943380832672, 'bbox': [99.48236083984375, 541.57763671875, 619.0364990234375, 1061.1553955078125]}]"
3,CheMed123,data\raw\images\CheMed123\3.jpg,other,,0,0.0,[]
30,CheMed123,data\raw\images\CheMed123\30.jpg,lifestyle,person,1,0.4139,"[{'class': 'person', 'confidence': 0.4139040410518646, 'bbox': [197.50460815429688, 104.21204376220703, 391.5433044433594, 768.2720947265625]}]"
31,CheMed123,data\raw\images\CheMed123\31.jpg,product_display,"bottle, bottle, bottle, bottle, bottle, bottle, bottle, bottle, bottle, bottle, bottle",11,0.5125,"[{'class': 'bottle', 'confidence': 0.5125073790550232, 'bbox': [399.11383056640625, 509.35516357421875, 445.13507080078125, 607.5486450195312]}, {'class': 'bottle', 'confidence': 0.4973132312297821, 'bbox': [501.326171875, 452.0557861328125, 542.082763671875, 548.573974609375]}, {'class': 'bottle', 'confidence': 0.43496695160865784, 'bbox': [466.9771423339844, 586.0543823242188, 507.9351806640625, 657.8576049804688]}, {'class': 'bottle', 'confidence': 0.3880819082260132, 'bbox': [435.7362976074219, 530.316162109375, 483.3214416503906, 636.662353515625]}, {'class': 'bottle', 'confidence': 0.3880271315574646, 'bbox': [494.27728271484375, 577.9761962890625, 536.5746459960938, 673.2564697265625]}, {'class': 'bottle', 'confidence': 0.38319599628448486, 'bbox': [574.7122802734375, 374.29449462890625, 605.7337646484375, 462.2900390625]}, {'class': 'bottle', 'confidence': 0.37693241238594055, 'bbox': [376.58746337890625, 287.26513671875, 446.08209228515625, 484.90576171875]}, {'class': 'bottle', 'confidence': 0.3327511250972748, 'bbox': [633.555908203125, 510.85430908203125, 666.5147705078125, 594.4384155273438]}, {'class': 'bottle', 'confidence': 0.2785998582839966, 'bbox': [585.3167724609375, 522.6112060546875, 614.4359130859375, 597.0570068359375]}, {'class': 'bottle', 'confidence': 0.2762432098388672, 'bbox': [610.6110229492188, 513.413818359375, 638.1526489257812, 604.94384765625]}, {'class': 'bottle', 'confidence': 0.2743058502674103, 'bbox': [601.2158813476562, 390.3651428222656, 631.6747436523438, 446.5225524902344]}]"
32,CheMed123,data\raw\images\CheMed123\32.jpg,lifestyle,person,1,0.5882,"[{'class': 'person', 'confidence': 0.5881935954093933, 'bbox': [485.5169677734375, 687.699951171875, 539.6732177734375, 845.5115966796875]}]"
33,CheMed123,data\raw\images\CheMed123\33.jpg,other,"orange, orange, book",3,0.6712,"[{'class': 'orange', 'confidence': 0.6712217926979065, 'bbox': [747.03125, 601.203857421875, 973.5146484375, 787.793212890625]}, {'class': 'orange', 'confidence': 0.5760761499404907, 'bbox': [758.354736328125, 645.7760009765625, 1172.245849609375, 913.4381103515625]}, {'class': 'book', 'confidence': 0.2715933322906494, 'bbox': [319.760009765625, 352.50262451171875, 997.8533935546875, 898.5756225585938]}]"
34,CheMed123,data\raw\images\CheMed123\34.jpg,other,,0,0.0,[]
38,CheMed123,data\raw\images\CheMed123\38.jpg,other,,0,0.0,[]
39,CheMed123,data\raw\images\CheMed123\39.jpg,other,"mouse, mouse, mouse, mouse, mouse, mouse, mouse, mouse",8,0.9114,"[{'class': 'mouse', 'confidence': 0.9113694429397583, 'bbox': [256.510498046875, 373.13543701171875, 401.0428466796875, 538.3941040039062]}, {'class': 'mouse', 'confidence': 0.9018736481666565, 'bbox': [475.076171875, 484.85382080078125, 672.2099609375, 621.2550659179688]}, {'class': 'mouse', 'confidence': 0.8929611444473267, 'bbox': [441.95660400390625, 147.57998657226562, 590.3256225585938, 296.4864196777344]}, {'class': 'mouse', 'confidence': 0.6237630844116211, 'bbox': [145.28128051757812, 171.5953369140625, 319.72918701171875, 301.8233947753906]}, {'class': 'mouse', 'confidence': 0.5940195918083191, 'bbox': [476.3734130859375, 296.99688720703125, 673.1160888671875, 423.71649169921875]}, {'class': 'mouse', 'confidence': 0.5546780228614807, 'bbox': [256.63226318359375, 247.44876098632812, 436.0953369140625, 389.7943420410156]}, {'class': 'mouse', 'confidence': 0.5261480212211609, 'bbox': [0.0, 329.031494140625, 214.93223571777344, 419.9832763671875]}, {'class': 'mouse', 'confidence': 0.41445085406303406, 'bbox': [810.820068359375, 470.4910888671875, 972.3828125, 638.7969970703125]}]"
40,CheMed123,data\raw\images\CheMed123\40.jpg,lifestyle,"person, person, person, person, person, person, person, person, person, person",10,0.7191,"[{'class': 'person', 'confidence': 0.7191462516784668, 'bbox': [299.2171630859375, 282.6399230957031, 541.6199951171875, 525.0164794921875]}, {'class': 'person', 'confidence': 0.6743713617324829, 'bbox': [1139.336669921875, 180.2026824951172, 1199.7376708984375, 614.7714233398438]}, {'class': 'person', 'confidence': 0.6338374614715576, 'bbox': [485.3212585449219, 240.3676300048828, 621.814453125, 522.0888061523438]}, {'class': 'person', 'confidence': 0.5978040099143982, 'bbox': [752.900146484375, 230.3965606689453, 854.8645629882812, 520.9531860351562]}, {'class': 'person', 'confidence': 0.5868257880210876, 'bbox': [588.70947265625, 272.3173522949219, 776.5820922851562, 522.2628173828125]}, {'class': 'person', 'confidence': 0.5125867128372192, 'bbox': [663.4808959960938, 233.40916442871094, 787.4047241210938, 517.2244262695312]}, {'class': 'person', 'confidence': 0.4520757496356964, 'bbox': [808.9103393554688, 230.2812042236328, 923.0947265625, 523.4376220703125]}, {'class': 'person', 'confidence': 0.4369908273220062, 'bbox': [589.48095703125, 269.923583984375, 718.4264526367188, 522.1331787109375]}, {'class': 'person', 'confidence': 0.33164823055267334, 'bbox': [755.0569458007812, 230.3983917236328, 920.1503295898438, 520.2927856445312]}, {'class': 'person', 'confidence': 0.3312697410583496, 'bbox': [187.70494079589844, 261.2433166503906, 324.2487487792969, 466.872802734375]}]"
41,CheMed123,data\raw\images\CheMed123\41.jpg,lifestyle,person,1,0.421,"[{'class': 'person', 'confidence': 0.4210352897644043, 'bbox': [262.67724609375, 679.4263916015625, 377.2047424316406, 875.0407104492188]}]"
43,CheMed123,data\raw\images\CheMed123\43.jpg,lifestyle,"person, chair",2,0.8565,"[{'class': 'person', 'confidence': 0.8564761877059937, 'bbox': [181.0282440185547, 2.7625808715820312, 1076.04736328125, 904.2044677734375]}, {'class': 'chair', 'confidence': 0.29364195466041565, 'bbox': [0.3379068374633789, 22.68628692626953, 307.6004638671875, 765.8427124023438]}]"
44,CheMed123,data\raw\images\CheMed123\44.jpg,promotional,"cell phone, person",2,0.9387,"[{'class': 'cell phone', 'confidence': 0.9386716485023499, 'bbox': [487.5592041015625, 57.51190185546875, 880.1859130859375, 545.8300170898438]}, {'class': 'person', 'confidence': 0.8479923009872437, 'bbox': [2.322265625, 159.7030029296875, 879.69189453125, 708.8868408203125]}]"
45,CheMed123,data\raw\images\CheMed123\45.jpg,other,scissors,1,0.632,"[{'class': 'scissors', 'confidence': 0.6319932341575623, 'bbox': [17.53520965576172, 251.6578826904297, 505.399658203125, 664.125]}]"
46,CheMed123,data\raw\images\CheMed123\46.jpg,lifestyle,"person, person, tv",3,0.8272,"[{'class': 'person', 'confidence': 0.8272138833999634, 'bbox': [485.645263671875, 374.0502624511719, 950.44873046875, 899.4799194335938]}, {'class': 'person', 'confidence': 0.47488123178482056, 'bbox': [992.1680908203125, 566.3311157226562, 1033.9658203125, 740.749267578125]}, {'class': 'tv', 'confidence': 0.388637512922287, 'bbox': [598.8029174804688, 67.78385925292969, 1051.3446044921875, 924.3565673828125]}]"
48,CheMed123,data\raw\images\CheMed123\48.jpg,other,,0,0.0,[]
49,CheMed123,data\raw\images\CheMed123\49.jpg,other,"kite, kite, kite, frisbee",4,0.6802,"[{'class': 'kite', 'confidence': 0.6801517605781555, 'bbox': [248.6761474609375, 447.62255859375, 303.6119689941406, 488.8836975097656]}, {'class': 'kite', 'confidence': 0.4033038914203644, 'bbox': [242.48802185058594, 318.331298828125, 307.934326171875, 341.7966003417969]}, {'class': 'kite', 'confidence': 0.34492653608322144, 'bbox': [2.832554340362549, 332.4726257324219, 114.38735961914062, 477.7463073730469]}, {'class': 'frisbee', 'confidence': 0.32522186636924744, 'bbox': [126.43740844726562, 715.5932006835938, 202.5631103515625, 754.5721435546875]}]"
50,CheMed123,data\raw\images\CheMed123\50.jpg,other,cake,1,0.2916,"[{'class': 'cake', 'confidence': 0.2916097939014435, 'bbox': [513.4892578125, 518.3392333984375, 1074.2947998046875, 1034.361328125]}]"
52,CheMed123,data\raw\images\CheMed123\52.jpg,lifestyle,"person, person, horse, person, person, person",6,0.7039,"[{'class': 'person', 'confidence': 0.7039297819137573, 'bbox': [577.4515991210938, 405.6048583984375, 662.486572265625, 505.02423095703125]}, {'class': 'person', 'confidence': 0.6460770964622498, 'bbox': [828.97607421875, 422.8565673828125, 983.4862060546875, 821.4569702148438]}, {'class': 'horse', 'confidence': 0.6252725720405579, 'bbox': [575.519287109375, 417.2179870605469, 795.9912109375, 797.5957641601562]}, {'class': 'person', 'confidence': 0.5130643844604492, 'bbox': [953.3167724609375, 374.2065734863281, 1076.9554443359375, 820.89111328125]}, {'class': 'person', 'confidence': 0.4309829771518707, 'bbox': [573.5446166992188, 381.7247619628906, 615.634765625, 465.8196716308594]}, {'class': 'person', 'confidence': 0.33477717638015747, 'bbox': [573.5570068359375, 381.7664794921875, 614.2238159179688, 501.1988220214844]}]"
53,CheMed123,data\raw\images\CheMed123\53.jpg,lifestyle,person,1,0.5738,"[{'class': 'person', 'confidence': 0.573768675327301, 'bbox': [485.3945617675781, 687.7757568359375, 539.300537109375, 845.6712646484375]}]"
55,CheMed123,data\raw\images\CheMed123\55.jpg,other,stop sign,1,0.3071,"[{'class': 'stop sign', 'confidence': 0.3071289360523224, 'bbox': [807.690185546875, 737.2232666015625, 991.7883911132812, 986.2695922851562]}]"
56,CheMed123,data\raw\images\CheMed123\56.jpg,lifestyle,person,1,0.833,"[{'class': 'person', 'confidence': 0.8329589366912842, 'bbox': [344.2172546386719, 267.6041564941406, 1280.0, 1277.7755126953125]}]"
58,CheMed123,data\raw\images\CheMed123\58.jpg,product_display,bottle,1,0.4115,"[{'class': 'bottle', 'confidence': 0.41152605414390564, 'bbox': [384.7237548828125, 354.9759521484375, 547.2579345703125, 646.4722290039062]}]"
59,CheMed123,data\raw\images\CheMed123\59.jpg,product_display,bottle,1,0.2866,"[{'class': 'bottle', 'confidence': 0.2866169214248657, 'bbox': [49.023963928222656, 188.97332763671875, 457.7779846191406, 887.6339721679688]}]"
60,CheMed123,data\raw\images\CheMed123\60.jpg,other,,0,0.0,[]
62,CheMed123,data\raw\images\CheMed123\62.jpg,other,,0,0.0,[]
64,CheMed123,data\raw\images\CheMed123\64.jpg,lifestyle,"person, person, banana, remote",4,0.6865,"[{'class': 'person', 'confidence': 0.6864551305770874, 'bbox': [0.0, 576.7913818359375, 529.49267578125, 1079.6634521484375]}, {'class': 'person', 'confidence': 0.44019317626953125, 'bbox': [0.0, 575.5032958984375, 1038.802734375, 1076.7369384765625]}, {'class': 'banana', 'confidence': 0.28093597292900085, 'bbox': [124.10365295410156, 518.6672973632812, 699.0769653320312, 773.2496948242188]}, {'class': 'remote', 'confidence': 0.25620245933532715, 'bbox': [191.20809936523438, 810.5112915039062, 713.7333374023438, 1080.0]}]"
67,CheMed123,data\raw\images\CheMed123\67.jpg,other,"stop sign, book",2,0.5792,"[{'class': 'stop sign', 'confidence': 0.5792264938354492, 'bbox': [74.1850357055664, 832.4631958007812, 241.32785034179688, 1059.7242431640625]}, {'class': 'book', 'confidence': 0.2841624915599823, 'bbox': [4.356662750244141, 0.0, 1069.0191650390625, 989.1810913085938]}]"
70,CheMed123,data\raw\images\CheMed123\70.jpg,lifestyle,"potted plant, person, book",3,0.9247,"[{'class': 'potted plant', 'confidence': 0.9247003793716431, 'bbox': [474.62786865234375, 529.39599609375, 720.0, 901.24755859375]}, {'class': 'person', 'confidence': 0.8443222045898438, 'bbox': [238.23062133789062, 185.2535858154297, 538.434814453125, 1089.0693359375]}, {'class': 'book', 'confidence': 0.4226498603820801, 'bbox': [0.0, 662.24267578125, 366.9469299316406, 1262.39453125]}]"
71,CheMed123,data\raw\images\CheMed123\71.jpg,lifestyle,"person, person",2,0.8836,"[{'class': 'person', 'confidence': 0.8835617899894714, 'bbox': [166.89781188964844, 330.1937255859375, 408.7783203125, 1076.5853271484375]}, {'class': 'person', 'confidence': 0.8042728900909424, 'bbox': [22.486190795898438, 442.3209533691406, 88.87457275390625, 589.5172119140625]}]"
73,CheMed123,data\raw\images\CheMed123\73.jpg,other,,0,0.0,[]
74,CheMed123,data\raw\images\CheMed123\74.jpg,other,,0,0.0,[]
75,CheMed123,data\raw\images\CheMed123\75.jpg,lifestyle,person,1,0.8353,"[{'class': 'person', 'confidence': 0.8353008031845093, 'bbox': [635.179443359375, 378.71099853515625, 1080.0, 1080.0]}]"
76,CheMed123,data\raw\images\CheMed123\76.jpg,lifestyle,"person, chair, chair",3,0.8694,"[{'class': 'person', 'confidence': 0.8694230914115906, 'bbox': [121.84721374511719, 221.114013671875, 576.2514038085938, 1270.6075439453125]}, {'class': 'chair', 'confidence': 0.2723301351070404, 'bbox': [83.07666015625, 259.889404296875, 645.62939453125, 1226.3690185546875]}, {'class': 'chair', 'confidence': 0.251775324344635, 'bbox': [66.08721923828125, 647.00244140625, 605.32861328125, 1214.69775390625]}]"
77,CheMed123,data\raw\images\CheMed123\77.jpg,product_display,"bottle, bottle, bottle, bottle",4,0.9558,"[{'class': 'bottle', 'confidence': 0.9558240175247192, 'bbox': [82.44929504394531, 275.5103759765625, 334.1483459472656, 841.7777709960938]}, {'class': 'bottle', 'confidence': 0.9073091149330139, 'bbox': [536.7312622070312, 325.4211730957031, 767.215087890625, 799.6615600585938]}, {'class': 'bottle', 'confidence': 0.8960535526275635, 'bbox': [760.3779907226562, 353.3272399902344, 943.8693237304688, 777.1832275390625]}, {'class': 'bottle', 'confidence': 0.8936647176742554, 'bbox': [316.67718505859375, 329.4427795410156, 548.5355224609375, 827.1810913085938]}]"
78,CheMed123,data\raw\images\CheMed123\78.jpg,lifestyle,"person, person",2,0.7699,"[{'class': 'person', 'confidence': 0.7698584198951721, 'bbox': [0.8941497802734375, 674.144287109375, 512.532958984375, 1275.930419921875]}, {'class': 'person', 'confidence': 0.35558605194091797, 'bbox': [415.9835205078125, 754.5606689453125, 891.8367919921875, 1131.562255859375]}]"
79,CheMed123,data\raw\images\CheMed123\79.jpg,other,,0,0.0,[]
80,CheMed123,data\raw\images\CheMed123\80.jpg,promotional,"person, bottle, chair",3,0.9279,"[{'class': 'person', 'confidence': 0.9279417395591736, 'bbox': [60.29879379272461, 164.3067626953125, 539.6845092773438, 1012.6633911132812]}, {'class': 'bottle', 'confidence': 0.7433301210403442, 'bbox': [21.481231689453125, 30.023731231689453, 143.09576416015625, 303.62493896484375]}, {'class': 'chair', 'confidence': 0.5636420845985413, 'bbox': [683.871826171875, 478.2539978027344, 718.8048095703125, 599.0213623046875]}]"
81,CheMed123,data\raw\images\CheMed123\81.jpg,product_display,"bottle, bottle, bottle, bottle, bottle",5,0.8818,"[{'class': 'bottle', 'confidence': 0.8817967176437378, 'bbox': [442.1737060546875, 562.4449462890625, 676.9397583007812, 1031.832763671875]}, {'class': 'bottle', 'confidence': 0.8326680064201355, 'bbox': [54.475276947021484, 637.4456787109375, 246.93006896972656, 1004.6473388671875]}, {'class': 'bottle', 'confidence': 0.8216720819473267, 'bbox': [665.3165283203125, 609.9971313476562, 879.6115112304688, 1030.7125244140625]}, {'class': 'bottle', 'confidence': 0.8041242957115173, 'bbox': [237.760498046875, 613.1653442382812, 450.5249938964844, 1022.727783203125]}, {'class': 'bottle', 'confidence': 0.7617479562759399, 'bbox': [873.8508911132812, 633.41357421875, 1036.884033203125, 1001.6636962890625]}]"
82,CheMed123,data\raw\images\CheMed123\82.jpg,product_display,"bottle, bottle, bottle, apple",4,0.8992,"[{'class': 'bottle', 'confidence': 0.8991734981536865, 'bbox': [626.5706787109375, 469.8558044433594, 773.3644409179688, 768.5934448242188]}, {'class': 'bottle', 'confidence': 0.842499315738678, 'bbox': [451.5312805175781, 413.9523010253906, 634.871826171875, 770.5623168945312]}, {'class': 'bottle', 'confidence': 0.7403752207756042, 'bbox': [298.9355163574219, 468.935791015625, 457.7554931640625, 768.52783203125]}, {'class': 'apple', 'confidence': 0.4784528315067291, 'bbox': [790.0106811523438, 930.9149780273438, 892.404541015625, 1033.550048828125]}]"
85,CheMed123,data\raw\images\CheMed123\85.jpg,other,,0,0.0,[]
86,CheMed123,data\raw\images\CheMed123\86.jpg,lifestyle,"person, refrigerator",2,0.9013,"[{'class': 'person', 'confidence': 0.9013166427612305, 'bbox': [0.09990692138671875, 235.470703125, 643.8074340820312, 1063.6739501953125]}, {'class': 'refrigerator', 'confidence': 0.3570435643196106, 'bbox': [260.7323303222656, 123.13538360595703, 1076.384521484375, 1061.14501953125]}]"
87,CheMed123,data\raw\images\CheMed123\87.jpg,other,parking meter,1,0.2786,"[{'class': 'parking meter', 'confidence': 0.2785610556602478, 'bbox': [644.1796264648438, 315.83740234375, 994.8895874023438, 996.8314819335938]}]"
88,CheMed123,data\raw\images\CheMed123\88.jpg,other,,0,0.0,[]
89,CheMed123,data\raw\images\CheMed123\89.jpg,other,,0,0.0,[]
9,CheMed123,data\raw\images\CheMed123\9.jpg,product_display,bottle,1,0.3872,"[{'class': 'bottle', 'confidence': 0.38718315958976746, 'bbox': [384.7618713378906, 355.11126708984375, 547.1652221679688, 647.0660400390625]}]"
90,CheMed123,data\raw\images\CheMed123\90.jpg,other,book,1,0.3078,"[{'class': 'book', 'confidence': 0.30780065059661865, 'bbox': [54.07358932495117, 391.27947998046875, 644.1131591796875, 927.4033813476562]}]"
91,CheMed123,data\raw\images\CheMed123\91.jpg,other,,0,0.0,[]
92,CheMed123,data\raw\images\CheMed123\92.jpg,other,,0,0.0,[]
93,CheMed123,data\raw\images\CheMed123\93.jpg,lifestyle,person,1,0.9077,"[{'class': 'person', 'confidence': 0.9076734185218811, 'bbox': [7.752725601196289, 267.64862060546875, 608.3387451171875, 1078.6270751953125]}]"
94,CheMed123,data\raw\images\CheMed123\94.jpg,promotional,"cup, person, cup",3,0.7409,"[{'class': 'cup', 'confidence': 0.7408690452575684, 'bbox': [862.4884033203125, 554.152587890625, 1009.9879150390625, 828.8713989257812]}, {'class': 'person', 'confidence': 0.475845068693161, 'bbox': [0.057549476623535156, 626.4241943359375, 392.9208984375, 866.924072265625]}, {'class': 'cup', 'confidence': 0.3855975270271301, 'bbox': [705.7948608398438, 550.2381591796875, 854.4796142578125, 827.2327270507812]}]"
95,CheMed123,data\raw\images\CheMed123\95.jpg,lifestyle,"person, person",2,0.8684,"[{'class': 'person', 'confidence': 0.8684405088424683, 'bbox': [8.442237854003906, 258.6382141113281, 704.3472290039062, 1077.8212890625]}, {'class': 'person', 'confidence': 0.49181684851646423, 'bbox': [5.016563415527344, 76.62479400634766, 1064.9385986328125, 1077.4718017578125]}]"
96,CheMed123,data\raw\images\CheMed123\96.jpg,product_display,cup,1,0.326,"[{'class': 'cup', 'confidence': 0.3260037302970886, 'bbox': [495.1727294921875, 654.26953125, 593.0411376953125, 753.1270751953125]}]"
97,CheMed123,data\raw\images\CheMed123\97.jpg,other,,0,0.0,[]
22806,lobelia4cosmetics,data\raw\images\lobelia4cosmetics\22806.jpg,product_display,"cup, book",2,0.2695,"[{'class': 'cup', 'confidence': 0.269523561000824, 'bbox': [208.32386779785156, 199.06948852539062, 680.6341552734375, 963.3946533203125]}, {'class': 'book', 'confidence': 0.2602480947971344, 'bbox': [194.9959716796875, 18.444625854492188, 246.24313354492188, 121.50985717773438]}]"
22807,lobelia4cosmetics,data\raw\images\lobelia4cosmetics\22807.jpg,product_display,"bottle, bottle, bottle, bottle, bottle, bottle, bottle",7,0.9407,"[{'class': 'bottle', 'confidence': 0.9407469630241394, 'bbox': [289.82391357421875, 16.498291015625, 657.1548461914062, 1177.542236328125]}, {'class': 'bottle', 'confidence': 0.3719644844532013, 'bbox': [162.3916473388672, 247.93397521972656, 213.5069122314453, 366.0498046875]}, {'class': 'bottle', 'confidence': 0.3689000904560089, 'bbox': [44.694786071777344, 93.13899993896484, 91.13805389404297, 203.36990356445312]}, {'class': 'bottle', 'confidence': 0.33920976519584656, 'bbox': [125.40282440185547, 265.43182373046875, 164.20404052734375, 356.51519775390625]}, {'class': 'bottle', 'confidence': 0.32056450843811035, 'bbox': [7.136287689208984, 100.61170959472656, 43.44850540161133, 201.0812530517578]}, {'class': 'bottle', 'confidence': 0.29432806372642517, 'bbox': [280.1944885253906, 243.78387451171875, 331.9880676269531, 364.94061279296875]}, {'class': 'bottle', 'confidence': 0.2571009695529938, 'bbox': [243.58047485351562, 246.50454711914062, 285.8399353027344, 363.0044860839844]}]"
22808,lobelia4cosmetics,data\raw\images\lobelia4cosmetics\22808.jpg,other,,0,0.0,[]
22809,lobelia4cosmetics,data\raw\images\lobelia4cosmetics\22809.jpg,other,,0,0.0,[]
22810,lobelia4cosmetics,data\raw\images\lobelia4cosmetics\22810.jpg,other,,0,0.0,[]
22811,lobelia4cosmetics,data\raw\images\lobelia4cosmetics\22811.jpg,other,,0,0.0,[]
22812,lobelia4cosmetics,data\raw\images\lobelia4cosmetics\22812.jpg,other,,0,0.0,[]
22813,lobelia4cosmetics,data\raw\images\lobelia4cosmetics\22813.jpg,other,,0,0.0,[]
22814,lobelia4cosmetics,data\raw\images\lobelia4cosmetics\22814.jpg,product_display,bottle,1,0.2803,"[{'class': 'bottle', 'confidence': 0.28025051951408386, 'bbox': [323.6605224609375, 21.8489990234375, 952.27978515625, 1239.8267822265625]}]"
22815,lobelia4cosmetics,data\raw\images\lobelia4cosmetics\22815.jpg,product_display,bottle,1,0.5792,"[{'class': 'bottle', 'confidence': 0.579177737236023, 'bbox': [158.8508758544922, 6.463339805603027, 516.1170043945312, 668.5074462890625]}]"
22816,lobelia4cosmetics,data\raw\images\lobelia4cosmetics\22816.jpg,product_display,bottle,1,0.4222,"[{'class': 'bottle', 'confidence': 0.42221423983573914, 'bbox': [361.4585266113281, 10.79443359375, 916.699462890625, 1258.417236328125]}]"
22817,lobelia4cosmetics,data\raw\images\lobelia4cosmetics\22817.jpg,product_display,"bottle, bottle",2,0.9408,"[{'class': 'bottle', 'confidence': 0.9407609105110168, 'bbox': [214.63458251953125, 175.2706298828125, 604.78857421875, 1125.698974609375]}, {'class': 'bottle', 'confidence': 0.40567681193351746, 'bbox': [161.14404296875, 11.878402709960938, 234.10586547851562, 176.33990478515625]}]"
22818,lobelia4cosmetics,data\raw\images\lobelia4cosmetics\22818.jpg,product_display,"bottle, bottle",2,0.9544,"[{'class': 'bottle', 'confidence': 0.9543538093566895, 'bbox': [268.284912109375, 92.2587890625, 682.0020141601562, 1125.936279296875]}, {'class': 'bottle', 'confidence': 0.347308486700058, 'bbox': [157.9413604736328, 4.7064361572265625, 230.93101501464844, 163.90965270996094]}]"
22819,lobelia4cosmetics,data\raw\images\lobelia4cosmetics\22819.jpg,product_display,bottle,1,0.8417,"[{'class': 'bottle', 'confidence': 0.8416873812675476, 'bbox': [243.3819580078125, 75.2259521484375, 645.6837158203125, 1116.7777099609375]}]"
22820,lobelia4cosmetics,data\raw\images\lobelia4cosmetics\22820.jpg,product_display,"bottle, bottle, bottle, bottle, bottle",5,0.7357,"[{'class': 'bottle', 'confidence': 0.735706627368927, 'bbox': [193.45654296875, 185.31884765625, 534.9813232421875, 1251.53955078125]}, {'class': 'bottle', 'confidence': 0.43583735823631287, 'bbox': [310.1332092285156, 7.78521728515625, 385.5140075683594, 175.21914672851562]}, {'class': 'bottle', 'confidence': 0.42845964431762695, 'bbox': [442.58795166015625, 0.308013916015625, 539.8163452148438, 199.891357421875]}, {'class': 'bottle', 'confidence': 0.41527533531188965, 'bbox': [596.6041259765625, 0.0762176513671875, 684.3245849609375, 187.2965850830078]}, {'class': 'bottle', 'confidence': 0.3795345723628998, 'bbox': [381.11236572265625, 2.1722259521484375, 449.53759765625, 174.5565643310547]}]"
22821,lobelia4cosmetics,data\raw\images\lobelia4cosmetics\22821.jpg,product_display,bottle,1,0.907,"[{'class': 'bottle', 'confidence': 0.9070143103599548, 'bbox': [231.3582763671875, 79.75537109375, 633.2291259765625, 1255.138916015625]}]"
22822,lobelia4cosmetics,data\raw\images\lobelia4cosmetics\22822.jpg,other,,0,0.0,[]
22823,lobelia4cosmetics,data\raw\images\lobelia4cosmetics\22823.jpg,other,,0,0.0,[]
22824,lobelia4cosmetics,data\raw\images\lobelia4cosmetics\22824.jpg,product_display,bottle,1,0.9319,"[{'class': 'bottle', 'confidence': 0.9318895936012268, 'bbox': [205.0701904296875, 108.801513671875, 739.838134765625, 1234.82666015625]}]"
22825,lobelia4cosmetics,data\raw\images\lobelia4cosmetics\22825.jpg,other,,0,0.0,[]
22826,lobelia4cosmetics,data\raw\images\lobelia4cosmetics\22826.jpg,product_display,bottle,1,0.5708,"[{'class': 'bottle', 'confidence': 0.5707799792289734, 'bbox': [97.64439392089844, 54.83056640625, 606.3385009765625, 1275.34228515625]}]"
22827,lobelia4cosmetics,data\raw\images\lobelia4cosmetics\22827.jpg,product_display,bottle,1,0.5017,"[{'class': 'bottle', 'confidence': 0.5016950964927673, 'bbox': [384.76934814453125, 48.1182861328125, 893.2186889648438, 1247.929443359375]}]"
22828,lobelia4cosmetics,data\raw\images\lobelia4cosmetics\22828.jpg,product_display,bottle,1,0.4746,"[{'class': 'bottle', 'confidence': 0.47455230355262756, 'bbox': [147.38685607910156, 21.769010543823242, 404.4280700683594, 534.9935302734375]}]"
22829,lobelia4cosmetics,data\raw\images\lobelia4cosmetics\22829.jpg,other,,0,0.0,[]
22830,lobelia4cosmetics,data\raw\images\lobelia4cosmetics\22830.jpg,other,,0,0.0,[]
22831,lobelia4cosmetics,data\raw\images\lobelia4cosmetics\22831.jpg,product_display,bottle,1,0.2756,"[{'class': 'bottle', 'confidence': 0.2755943238735199, 'bbox': [18.09198760986328, 5.77789306640625, 258.3084716796875, 315.17449951171875]}]"
22832,lobelia4cosmetics,data\raw\images\lobelia4cosmetics\22832.jpg,other,,0,0.0,[]
22833,lobelia4cosmetics,data\raw\images\lobelia4cosmetics\22833.jpg,other,,0,0.0,[]
22834,lobelia4cosmetics,data\raw\images\lobelia4cosmetics\22834.jpg,product_display,bottle,1,0.5191,"[{'class': 'bottle', 'confidence': 0.5191170573234558, 'bbox': [127.6429443359375, 120.634033203125, 743.7197265625, 1100.8055419921875]}]"
22835,lobelia4cosmetics,data\raw\images\lobelia4cosmetics\22835.jpg,other,,0,0.0,[]
22836,lobelia4cosmetics,data\raw\images\lobelia4cosmetics\22836.jpg,product_display,cell phone,1,0.3196,"[{'class': 'cell phone', 'confidence': 0.31957945227622986, 'bbox': [97.504150390625, 147.2821044921875, 798.3116455078125, 1245.9461669921875]}]"
22837,lobelia4cosmetics,data\raw\images\lobelia4cosmetics\22837.jpg,other,,0,0.0,[]
22838,lobelia4cosmetics,data\raw\images\lobelia4cosmetics\22838.jpg,other,,0,0.0,[]
22839,lobelia4cosmetics,data\raw\images\lobelia4cosmetics\22839.jpg,product_display,"bottle, dining table",2,0.9045,"[{'class': 'bottle', 'confidence': 0.9044639468193054, 'bbox': [295.685791015625, 15.914794921875, 682.66748046875, 1057.99609375]}, {'class': 'dining table', 'confidence': 0.3380439281463623, 'bbox': [0.0, 723.7646484375, 959.79150390625, 1279.274658203125]}]"
22840,lobelia4cosmetics,data\raw\images\lobelia4cosmetics\22840.jpg,promotional,"person, person, bottle",3,0.79,"[{'class': 'person', 'confidence': 0.790038526058197, 'bbox': [184.86105346679688, 221.7742156982422, 317.3966369628906, 416.5095520019531]}, {'class': 'person', 'confidence': 0.3781145513057709, 'bbox': [370.0992736816406, 347.32379150390625, 432.4412536621094, 460.67449951171875]}, {'class': 'bottle', 'confidence': 0.3565230667591095, 'bbox': [361.584228515625, 110.78318786621094, 539.0, 517.6028442382812]}]"
22841,lobelia4cosmetics,data\raw\images\lobelia4cosmetics\22841.jpg,other,,0,0.0,[]
22842,lobelia4cosmetics,data\raw\images\lobelia4cosmetics\22842.jpg,product_display,bottle,1,0.7326,"[{'class': 'bottle', 'confidence': 0.7326334714889526, 'bbox': [266.1416931152344, 95.51467895507812, 426.8794250488281, 534.071533203125]}]"
22843,lobelia4cosmetics,data\raw\images\lobelia4cosmetics\22843.jpg,product_display,"bottle, book",2,0.3064,"[{'class': 'bottle', 'confidence': 0.3064361810684204, 'bbox': [99.2536392211914, 171.90945434570312, 267.77880859375, 609.9237670898438]}, {'class': 'book', 'confidence': 0.2673898935317993, 'bbox': [290.2837219238281, 12.791827201843262, 531.7767333984375, 623.268310546875]}]"
22844,lobelia4cosmetics,data\raw\images\lobelia4cosmetics\22844.jpg,promotional,"person, person, bottle",3,0.79,"[{'class': 'person', 'confidence': 0.790038526058197, 'bbox': [184.86105346679688, 221.7742156982422, 317.3966369628906, 416.5095520019531]}, {'class': 'person', 'confidence': 0.3781145513057709, 'bbox': [370.0992736816406, 347.32379150390625, 432.4412536621094, 460.67449951171875]}, {'class': 'bottle', 'confidence': 0.3565230667591095, 'bbox': [361.584228515625, 110.78318786621094, 539.0, 517.6028442382812]}]"
22845,lobelia4cosmetics,data\raw\images\lobelia4cosmetics\22845.jpg,other,,0,0.0,[]
22846,lobelia4cosmetics,data\raw\images\lobelia4cosmetics\22846.jpg,lifestyle,"person, book",2,0.4573,"[{'class': 'person', 'confidence': 0.45732709765434265, 'bbox': [465.8716125488281, 368.7061767578125, 596.583984375, 578.1016235351562]}, {'class': 'book', 'confidence': 0.31845080852508545, 'bbox': [195.7894744873047, 710.8551025390625, 598.436279296875, 799.7451782226562]}]"
22847,lobelia4cosmetics,data\raw\images\lobelia4cosmetics\22847.jpg,product_display,bottle,1,0.8007,"[{'class': 'bottle', 'confidence': 0.8006815314292908, 'bbox': [270.51751708984375, 106.64511108398438, 417.2012939453125, 515.5501708984375]}]"
22848,lobelia4cosmetics,data\raw\images\lobelia4cosmetics\22848.jpg,lifestyle,"person, person",2,0.5968,"[{'class': 'person', 'confidence': 0.5967605113983154, 'bbox': [717.903076171875, 476.201171875, 1092.517822265625, 1034.3165283203125]}, {'class': 'person', 'confidence': 0.3250136375427246, 'bbox': [680.311767578125, 481.537109375, 1095.8270263671875, 1223.3382568359375]}]"
22849,lobelia4cosmetics,data\raw\images\lobelia4cosmetics\22849.jpg,other,,0,0.0,[]
22850,lobelia4cosmetics,data\raw\images\lobelia4cosmetics\22850.jpg,other,,0,0.0,[]
22851,lobelia4cosmetics,data\raw\images\lobelia4cosmetics\22851.jpg,product_display,"bottle, bottle",2,0.588,"[{'class': 'bottle', 'confidence': 0.5879682898521423, 'bbox': [218.26547241210938, 32.60448455810547, 486.8515319824219, 641.9085693359375]}, {'class': 'bottle', 'confidence': 0.31943485140800476, 'bbox': [217.4522705078125, 206.17160034179688, 486.51116943359375, 655.9906005859375]}]"
22852,lobelia4cosmetics,data\raw\images\lobelia4cosmetics\22852.jpg,other,,0,0.0,[]
22853,lobelia4cosmetics,data\raw\images\lobelia4cosmetics\22853.jpg,other,,0,0.0,[]
22854,lobelia4cosmetics,data\raw\images\lobelia4cosmetics\22854.jpg,other,,0,0.0,[]
22855,lobelia4cosmetics,data\raw\images\lobelia4cosmetics\22855.jpg,other,,0,0.0,[]
22856,lobelia4cosmetics,data\raw\images\lobelia4cosmetics\22856.jpg,other,,0,0.0,[]
22857,lobelia4cosmetics,data\raw\images\lobelia4cosmetics\22857.jpg,product_display,bottle,1,0.5017,"[{'class': 'bottle', 'confidence': 0.5016950964927673, 'bbox': [384.76934814453125, 48.1182861328125, 893.2186889648438, 1247.929443359375]}]"
22858,lobelia4cosmetics,data\raw\images\lobelia4cosmetics\22858.jpg,other,,0,0.0,[]
22859,lobelia4cosmetics,data\raw\images\lobelia4cosmetics\22859.jpg,product_display,bottle,1,0.5792,"[{'class': 'bottle', 'confidence': 0.579177737236023, 'bbox': [158.8508758544922, 6.463339805603027, 516.1170043945312, 668.5074462890625]}]"
22860,lobelia4cosmetics,data\raw\images\lobelia4cosmetics\22860.jpg,product_display,bottle,1,0.3848,"[{'class': 'bottle', 'confidence': 0.3847781717777252, 'bbox': [124.63370513916016, 62.590885162353516, 373.5701599121094, 498.9600830078125]}]"
22861,lobelia4cosmetics,data\raw\images\lobelia4cosmetics\22861.jpg,lifestyle,"person, person",2,0.5968,"[{'class': 'person', 'confidence': 0.5967605113983154, 'bbox': [717.903076171875, 476.201171875, 1092.517822265625, 1034.3165283203125]}, {'class': 'person', 'confidence': 0.3250136375427246, 'bbox': [680.311767578125, 481.537109375, 1095.8270263671875, 1223.3382568359375]}]"
22862,lobelia4cosmetics,data\raw\images\lobelia4cosmetics\22862.jpg,product_display,bottle,1,0.9319,"[{'class': 'bottle', 'confidence': 0.9318895936012268, 'bbox': [205.0701904296875, 108.801513671875, 739.838134765625, 1234.82666015625]}]"
22863,lobelia4cosmetics,data\raw\images\lobelia4cosmetics\22863.jpg,product_display,"bottle, dining table",2,0.9045,"[{'class': 'bottle', 'confidence': 0.9044639468193054, 'bbox': [295.685791015625, 15.914794921875, 682.66748046875, 1057.99609375]}, {'class': 'dining table', 'confidence': 0.3380439281463623, 'bbox': [0.0, 723.7646484375, 959.79150390625, 1279.274658203125]}]"
22864,lobelia4cosmetics,data\raw\images\lobelia4cosmetics\22864.jpg,other,dining table,1,0.2931,"[{'class': 'dining table', 'confidence': 0.2931026518344879, 'bbox': [0.0, 808.1009521484375, 958.4478759765625, 1279.3157958984375]}]"
22865,lobelia4cosmetics,data\raw\images\lobelia4cosmetics\22865.jpg,product_display,bottle,1,0.7241,"[{'class': 'bottle', 'confidence': 0.7241195440292358, 'bbox': [227.2274169921875, 0.0, 680.6746215820312, 1115.6658935546875]}]"
22866,lobelia4cosmetics,data\raw\images\lobelia4cosmetics\22866.jpg,other,,0,0.0,[]
22867,lobelia4cosmetics,data\raw\images\lobelia4cosmetics\22867.jpg,other,book,1,0.2754,"[{'class': 'book', 'confidence': 0.27538084983825684, 'bbox': [204.39111328125, 73.287109375, 930.000244140625, 1277.3736572265625]}]"
22868,lobelia4cosmetics,data\raw\images\lobelia4cosmetics\22868.jpg,product_display,bottle,1,0.2803,"[{'class': 'bottle', 'confidence': 0.28025051951408386, 'bbox': [323.6605224609375, 21.8489990234375, 952.27978515625, 1239.8267822265625]}]"
22869,lobelia4cosmetics,data\raw\images\lobelia4cosmetics\22869.jpg,other,,0,0.0,[]
22870,lobelia4cosmetics,data\raw\images\lobelia4cosmetics\22870.jpg,product_display,bottle,1,0.5708,"[{'class': 'bottle', 'confidence': 0.5707799792289734, 'bbox': [97.64439392089844, 54.83056640625, 606.3385009765625, 1275.34228515625]}]"
22871,lobelia4cosmetics,data\raw\images\lobelia4cosmetics\22871.jpg,product_display,"book, bottle",2,0.3502,"[{'class': 'book', 'confidence': 0.35020017623901367, 'bbox': [159.8045654296875, 135.2965087890625, 1187.0430908203125, 1139.572509765625]}, {'class': 'bottle', 'confidence': 0.26285791397094727, 'bbox': [1163.0643310546875, 533.8660888671875, 1237.8509521484375, 749.7445068359375]}]"
22872,lobelia4cosmetics,data\raw\images\lobelia4cosmetics\22872.jpg,product_display,"bottle, bottle",2,0.9157,"[{'class': 'bottle', 'confidence': 0.9156717658042908, 'bbox': [484.8349609375, 41.82861328125, 885.3553466796875, 1160.232421875]}, {'class': 'bottle', 'confidence': 0.8188876509666443, 'bbox': [106.34915161132812, 34.5927734375, 497.4236145019531, 1166.88427734375]}]"
22873,lobelia4cosmetics,data\raw\images\lobelia4cosmetics\22873.jpg,product_display,bottle,1,0.869,"[{'class': 'bottle', 'confidence': 0.8690326809883118, 'bbox': [220.664306640625, 95.57861328125, 719.3087158203125, 1213.134521484375]}]"
22874,lobelia4cosmetics,data\raw\images\lobelia4cosmetics\22874.jpg,product_display,cell phone,1,0.4635,"[{'class': 'cell phone', 'confidence': 0.46346771717071533, 'bbox': [152.5556640625, 274.4083251953125, 631.627685546875, 1260.315185546875]}]"
22875,lobelia4cosmetics,data\raw\images\lobelia4cosmetics\22875.jpg,other,,0,0.0,[]
22876,lobelia4cosmetics,data\raw\images\lobelia4cosmetics\22876.jpg,product_display,bottle,1,0.5708,"[{'class': 'bottle', 'confidence': 0.5707799792289734, 'bbox': [97.64439392089844, 54.83056640625, 606.3385009765625, 1275.34228515625]}]"
22877,lobelia4cosmetics,data\raw\images\lobelia4cosmetics\22877.jpg,other,,0,0.0,[]
22878,lobelia4cosmetics,data\raw\images\lobelia4cosmetics\22878.jpg,other,,0,0.0,[]
22879,lobelia4cosmetics,data\raw\images\lobelia4cosmetics\22879.jpg,lifestyle,"person, surfboard",2,0.6241,"[{'class': 'person', 'confidence': 0.6241411566734314, 'bbox': [283.8050842285156, 713.6126708984375, 778.5501708984375, 1221.8541259765625]}, {'class': 'surfboard', 'confidence': 0.3663436770439148, 'bbox': [124.2664794921875, 23.746826171875, 1189.0, 1277.0135498046875]}]"
22880,lobelia4cosmetics,data\raw\images\lobelia4cosmetics\22880.jpg,other,,0,0.0,[]
22881,lobelia4cosmetics,data\raw\images\lobelia4cosmetics\22881.jpg,other,,0,0.0,[]
22882,lobelia4cosmetics,data\raw\images\lobelia4cosmetics\22882.jpg,product_display,bottle,1,0.8308,"[{'class': 'bottle', 'confidence': 0.8308453559875488, 'bbox': [202.870361328125, 99.286865234375, 785.1199951171875, 1248.429443359375]}]"
22883,lobelia4cosmetics,data\raw\images\lobelia4cosmetics\22883.jpg,other,,0,0.0,[]
22884,lobelia4cosmetics,data\raw\images\lobelia4cosmetics\22884.jpg,other,teddy bear,1,0.3179,"[{'class': 'teddy bear', 'confidence': 0.3179363012313843, 'bbox': [390.439697265625, 845.44384765625, 524.0938720703125, 1064.57861328125]}]"
22885,lobelia4cosmetics,data\raw\images\lobelia4cosmetics\22885.jpg,other,,0,0.0,[]
22886,lobelia4cosmetics,data\raw\images\lobelia4cosmetics\22886.jpg,other,,0,0.0,[]
22887,lobelia4cosmetics,data\raw\images\lobelia4cosmetics\22887.jpg,other,,0,0.0,[]
22888,lobelia4cosmetics,data\raw\images\lobelia4cosmetics\22888.jpg,other,,0,0.0,[]
22889,lobelia4cosmetics,data\raw\images\lobelia4cosmetics\22889.jpg,product_display,bottle,1,0.87,"[{'class': 'bottle', 'confidence': 0.8699764609336853, 'bbox': [363.4573974609375, 51.875732421875, 923.63525390625, 1278.2080078125]}]"
22890,lobelia4cosmetics,data\raw\images\lobelia4cosmetics\22890.jpg,product_display,"bottle, dining table",2,0.4841,"[{'class': 'bottle', 'confidence': 0.4841199517250061, 'bbox': [172.86175537109375, 85.170166015625, 654.9950561523438, 1171.6636962890625]}, {'class': 'dining table', 'confidence': 0.29485946893692017, 'bbox': [0.0, 950.0220336914062, 849.5653686523438, 1278.919921875]}]"
22891,lobelia4cosmetics,data\raw\images\lobelia4cosmetics\22891.jpg,product_display,"bottle, bottle",2,0.588,"[{'class': 'bottle', 'confidence': 0.5879682898521423, 'bbox': [218.26547241210938, 32.60448455810547, 486.8515319824219, 641.9085693359375]}, {'class': 'bottle', 'confidence': 0.31943485140800476, 'bbox': [217.4522705078125, 206.17160034179688, 486.51116943359375, 655.9906005859375]}]"
22892,lobelia4cosmetics,data\raw\images\lobelia4cosmetics\22892.jpg,other,parking meter,1,0.2555,"[{'class': 'parking meter', 'confidence': 0.2554706931114197, 'bbox': [87.98717498779297, 11.097335815429688, 457.6512145996094, 786.57080078125]}]"
22893,lobelia4cosmetics,data\raw\images\lobelia4cosmetics\22893.jpg,lifestyle,"person, surfboard",2,0.6241,"[{'class': 'person', 'confidence': 0.6241411566734314, 'bbox': [283.8050842285156, 713.6126708984375, 778.5501708984375, 1221.8541259765625]}, {'class': 'surfboard', 'confidence': 0.3663436770439148, 'bbox': [124.2664794921875, 23.746826171875, 1189.0, 1277.0135498046875]}]"
22894,lobelia4cosmetics,data\raw\images\lobelia4cosmetics\22894.jpg,lifestyle,"person, stop sign",2,0.6789,"[{'class': 'person', 'confidence': 0.6789199113845825, 'bbox': [433.2819519042969, 94.08354949951172, 602.556396484375, 356.2391662597656]}, {'class': 'stop sign', 'confidence': 0.27186882495880127, 'bbox': [119.37670135498047, 158.48263549804688, 498.2906188964844, 518.3597412109375]}]"
22895,lobelia4cosmetics,data\raw\images\lobelia4cosmetics\22895.jpg,other,,0,0.0,[]
22896,lobelia4cosmetics,data\raw\images\lobelia4cosmetics\22896.jpg,product_display,"bottle, bottle, bottle, bottle, bottle, bottle, bottle, bottle, bottle, bottle, bottle, bottle, bottle, bottle, bottle, bottle, bottle, bottle, bottle, bottle, bottle, bottle, bottle, bottle, bottle",25,0.6552,"[{'class': 'bottle', 'confidence': 0.655238926410675, 'bbox': [240.92250061035156, 685.365478515625, 331.9996032714844, 937.0072631835938]}, {'class': 'bottle', 'confidence': 0.6378848552703857, 'bbox': [340.8867492675781, 593.5812377929688, 436.2984924316406, 845.5999755859375]}, {'class': 'bottle', 'confidence': 0.6188614964485168, 'bbox': [857.34619140625, 181.31326293945312, 923.00048828125, 388.2864990234375]}, {'class': 'bottle', 'confidence': 0.6081480383872986, 'bbox': [528.68408203125, 405.0157775878906, 596.2427978515625, 610.2046508789062]}, {'class': 'bottle', 'confidence': 0.6053606271743774, 'bbox': [626.110107421875, 826.2855834960938, 692.0267333984375, 1016.648681640625]}, {'class': 'bottle', 'confidence': 0.5932105183601379, 'bbox': [702.87548828125, 826.0935668945312, 774.1332397460938, 1011.4839477539062]}, {'class': 'bottle', 'confidence': 0.588339626789093, 'bbox': [769.2465209960938, 182.5730743408203, 841.42236328125, 389.4698791503906]}, {'class': 'bottle', 'confidence': 0.5690011382102966, 'bbox': [856.3300170898438, 400.4423828125, 922.0177001953125, 603.2119750976562]}, {'class': 'bottle', 'confidence': 0.5683817267417908, 'bbox': [612.2109375, 403.7601318359375, 680.4342041015625, 609.7031860351562]}, {'class': 'bottle', 'confidence': 0.5624141693115234, 'bbox': [699.5103149414062, 404.22711181640625, 761.6079711914062, 607.2855834960938]}, {'class': 'bottle', 'confidence': 0.5368719696998596, 'bbox': [467.82928466796875, 835.7783203125, 533.5513305664062, 1026.258056640625]}, {'class': 'bottle', 'confidence': 0.520335853099823, 'bbox': [587.0342407226562, 177.6331329345703, 673.6362915039062, 392.1693115234375]}, {'class': 'bottle', 'confidence': 0.5048398971557617, 'bbox': [686.3883056640625, 181.6626434326172, 760.4796752929688, 391.45343017578125]}, {'class': 'bottle', 'confidence': 0.4913267195224762, 'bbox': [620.2384033203125, 620.79833984375, 683.4635620117188, 815.3356323242188]}, {'class': 'bottle', 'confidence': 0.4901755750179291, 'bbox': [778.9935302734375, 402.95068359375, 841.6917724609375, 605.7481079101562]}, {'class': 'bottle', 'confidence': 0.4898832440376282, 'bbox': [547.6871948242188, 832.4832763671875, 613.2256469726562, 1019.6884155273438]}, {'class': 'bottle', 'confidence': 0.48558804392814636, 'bbox': [445.79437255859375, 404.8258056640625, 512.5267944335938, 613.2114868164062]}, {'class': 'bottle', 'confidence': 0.4419187605381012, 'bbox': [856.6394653320312, 822.3032836914062, 926.8344116210938, 1003.7725830078125]}, {'class': 'bottle', 'confidence': 0.43929794430732727, 'bbox': [783.3997192382812, 827.9736938476562, 851.184326171875, 1007.6046142578125]}, {'class': 'bottle', 'confidence': 0.3887172043323517, 'bbox': [857.2748413085938, 615.411376953125, 930.83740234375, 807.4843139648438]}, {'class': 'bottle', 'confidence': 0.33974912762641907, 'bbox': [503.9788818359375, 172.85777282714844, 588.8236694335938, 391.9591369628906]}, {'class': 'bottle', 'confidence': 0.3238234519958496, 'bbox': [405.2379455566406, 167.74412536621094, 502.8370666503906, 393.1384582519531]}, {'class': 'bottle', 'confidence': 0.31539732217788696, 'bbox': [778.30517578125, 614.508544921875, 850.9862060546875, 809.7899780273438]}, {'class': 'bottle', 'confidence': 0.29658401012420654, 'bbox': [542.3117065429688, 621.2264404296875, 609.307861328125, 819.2339477539062]}, {'class': 'bottle', 'confidence': 0.28513503074645996, 'bbox': [454.06707763671875, 621.9121704101562, 524.4823608398438, 820.8240356445312]}]"
22897,lobelia4cosmetics,data\raw\images\lobelia4cosmetics\22897.jpg,product_display,"bottle, bottle, bottle, bottle, bottle, bottle",6,0.8552,"[{'class': 'bottle', 'confidence': 0.8551762104034424, 'bbox': [140.56344604492188, 600.9847412109375, 268.29931640625, 929.7630615234375]}, {'class': 'bottle', 'confidence': 0.7980883717536926, 'bbox': [728.9549560546875, 209.768310546875, 924.1419677734375, 515.9201049804688]}, {'class': 'bottle', 'confidence': 0.7762737274169922, 'bbox': [221.6152801513672, 367.5860290527344, 356.3298034667969, 669.843017578125]}, {'class': 'bottle', 'confidence': 0.6700873970985413, 'bbox': [335.87908935546875, 334.1639099121094, 533.8873901367188, 611.4681396484375]}, {'class': 'bottle', 'confidence': 0.6243572235107422, 'bbox': [889.4122314453125, 165.84075927734375, 1074.4654541015625, 450.3980407714844]}, {'class': 'bottle', 'confidence': 0.5701356530189514, 'bbox': [650.8056640625, 217.21034240722656, 771.6298828125, 504.91943359375]}]"
22898,lobelia4cosmetics,data\raw\images\lobelia4cosmetics\22898.jpg,other,suitcase,1,0.3223,"[{'class': 'suitcase', 'confidence': 0.3222518265247345, 'bbox': [225.74366760253906, 307.1627197265625, 402.80078125, 458.5603942871094]}]"
22899,lobelia4cosmetics,data\raw\images\lobelia4cosmetics\22899.jpg,other,oven,1,0.253,"[{'class': 'oven', 'confidence': 0.25304096937179565, 'bbox': [152.575439453125, 51.146385192871094, 303.900390625, 204.10507202148438]}]"
22900,lobelia4cosmetics,data\raw\images\lobelia4cosmetics\22900.jpg,other,,0,0.0,[]
22901,lobelia4cosmetics,data\raw\images\lobelia4cosmetics\22901.jpg,product_display,bottle,1,0.5191,"[{'class': 'bottle', 'confidence': 0.5191170573234558, 'bbox': [127.6429443359375, 120.634033203125, 743.7197265625, 1100.8055419921875]}]"
22902,lobelia4cosmetics,data\raw\images\lobelia4cosmetics\22902.jpg,other,,0,0.0,[]
22903,lobelia4cosmetics,data\raw\images\lobelia4cosmetics\22903.jpg,other,,0,0.0,[]
22904,lobelia4cosmetics,data\raw\images\lobelia4cosmetics\22904.jpg,product_display,"bottle, bottle",2,0.588,"[{'class': 'bottle', 'confidence': 0.5879682898521423, 'bbox': [218.26547241210938, 32.60448455810547, 486.8515319824219, 641.9085693359375]}, {'class': 'bottle', 'confidence': 0.31943485140800476, 'bbox': [217.4522705078125, 206.17160034179688, 486.51116943359375, 655.9906005859375]}]"
22905,lobelia4cosmetics,data\raw\images\lobelia4cosmetics\22905.jpg,other,,0,0.0,[]
188807,tikvahpharma,data\raw\images\tikvahpharma\188807.jpg,other,,0,0.0,[]
188810,tikvahpharma,data\raw\images\tikvahpharma\188810.jpg,product_display,"bottle, bottle, bottle, refrigerator, bottle, bottle, bottle, bottle, bottle, bottle, bottle, bottle, bottle, bottle, bottle, bottle, bottle, bottle, bottle, bottle, bottle, bottle",22,0.7156,"[{'class': 'bottle', 'confidence': 0.7155637145042419, 'bbox': [158.80523681640625, 610.164306640625, 207.6302490234375, 720.717041015625]}, {'class': 'bottle', 'confidence': 0.5736801624298096, 'bbox': [102.12200927734375, 611.7568359375, 149.70530700683594, 725.720703125]}, {'class': 'bottle', 'confidence': 0.5660501718521118, 'bbox': [285.6326904296875, 730.090576171875, 318.0736083984375, 850.45361328125]}, {'class': 'refrigerator', 'confidence': 0.5293634533882141, 'bbox': [64.0421142578125, 14.17608642578125, 1153.144775390625, 957.3217163085938]}, {'class': 'bottle', 'confidence': 0.5242188572883606, 'bbox': [212.091064453125, 615.2212524414062, 253.53851318359375, 716.4729614257812]}, {'class': 'bottle', 'confidence': 0.5141347646713257, 'bbox': [253.75662231445312, 733.3516845703125, 287.2861633300781, 848.6812744140625]}, {'class': 'bottle', 'confidence': 0.4459749162197113, 'bbox': [176.35641479492188, 453.41827392578125, 225.20767211914062, 562.311767578125]}, {'class': 'bottle', 'confidence': 0.4349454641342163, 'bbox': [494.05059814453125, 375.2877197265625, 531.0379028320312, 456.2120361328125]}, {'class': 'bottle', 'confidence': 0.40731051564216614, 'bbox': [794.893310546875, 815.4739379882812, 823.0828857421875, 884.6951293945312]}, {'class': 'bottle', 'confidence': 0.4062907099723816, 'bbox': [313.4482421875, 726.81103515625, 347.6634521484375, 845.3055419921875]}, {'class': 'bottle', 'confidence': 0.39240309596061707, 'bbox': [312.0218811035156, 608.2154541015625, 351.1841735839844, 709.2989501953125]}, {'class': 'bottle', 'confidence': 0.3764137029647827, 'bbox': [278.67462158203125, 469.3369445800781, 319.29473876953125, 558.3310546875]}, {'class': 'bottle', 'confidence': 0.37218785285949707, 'bbox': [230.39141845703125, 456.2491455078125, 277.58642578125, 559.5941162109375]}, {'class': 'bottle', 'confidence': 0.32826653122901917, 'bbox': [393.1168518066406, 583.0709228515625, 432.5935363769531, 699.3028564453125]}, {'class': 'bottle', 'confidence': 0.3277135491371155, 'bbox': [697.3184204101562, 828.3358154296875, 727.8135375976562, 903.6395263671875]}, {'class': 'bottle', 'confidence': 0.31428781151771545, 'bbox': [768.4482421875, 816.8927001953125, 791.780517578125, 889.0234375]}, {'class': 'bottle', 'confidence': 0.3072517514228821, 'bbox': [775.014404296875, 815.8792724609375, 800.28515625, 886.6253662109375]}, {'class': 'bottle', 'confidence': 0.30147361755371094, 'bbox': [431.6339416503906, 580.7032470703125, 468.9631652832031, 696.1993408203125]}, {'class': 'bottle', 'confidence': 0.2963957190513611, 'bbox': [827.3409423828125, 819.1201171875, 857.4080810546875, 875.84033203125]}, {'class': 'bottle', 'confidence': 0.2871839702129364, 'bbox': [260.049560546875, 613.1093139648438, 306.860107421875, 711.0740356445312]}, {'class': 'bottle', 'confidence': 0.281659871339798, 'bbox': [743.040771484375, 818.0679931640625, 772.876220703125, 893.1409912109375]}, {'class': 'bottle', 'confidence': 0.2729271948337555, 'bbox': [812.31787109375, 815.9535522460938, 833.7197265625, 881.0639038085938]}]"
188833,tikvahpharma,data\raw\images\tikvahpharma\188833.jpg,lifestyle,"person, person, person, clock",4,0.8241,"[{'class': 'person', 'confidence': 0.8240880966186523, 'bbox': [397.385009765625, 325.0810241699219, 754.7730102539062, 796.5220336914062]}, {'class': 'person', 'confidence': 0.7673170566558838, 'bbox': [16.436767578125, 349.7847595214844, 377.0320129394531, 789.5943603515625]}, {'class': 'person', 'confidence': 0.6868728399276733, 'bbox': [211.61471557617188, 398.7967529296875, 441.6174621582031, 785.3076782226562]}, {'class': 'clock', 'confidence': 0.6471425294876099, 'bbox': [297.8599548339844, 134.1337127685547, 518.6143188476562, 355.06964111328125]}]"
188834,tikvahpharma,data\raw\images\tikvahpharma\188834.jpg,other,refrigerator,1,0.5247,"[{'class': 'refrigerator', 'confidence': 0.5246832966804504, 'bbox': [136.69935607910156, 135.78282165527344, 389.7076110839844, 525.9697265625]}]"
188868,tikvahpharma,data\raw\images\tikvahpharma\188868.jpg,product_display,"bottle, bottle, bottle, refrigerator, bottle, bottle, bottle, bottle, bottle, bottle, bottle, bottle, bottle, bottle, bottle, bottle, bottle, bottle, bottle, bottle, bottle, bottle",22,0.7156,"[{'class': 'bottle', 'confidence': 0.7155637145042419, 'bbox': [158.80523681640625, 610.164306640625, 207.6302490234375, 720.717041015625]}, {'class': 'bottle', 'confidence': 0.5736801624298096, 'bbox': [102.12200927734375, 611.7568359375, 149.70530700683594, 725.720703125]}, {'class': 'bottle', 'confidence': 0.5660501718521118, 'bbox': [285.6326904296875, 730.090576171875, 318.0736083984375, 850.45361328125]}, {'class': 'refrigerator', 'confidence': 0.5293634533882141, 'bbox': [64.0421142578125, 14.17608642578125, 1153.144775390625, 957.3217163085938]}, {'class': 'bottle', 'confidence': 0.5242188572883606, 'bbox': [212.091064453125, 615.2212524414062, 253.53851318359375, 716.4729614257812]}, {'class': 'bottle', 'confidence': 0.5141347646713257, 'bbox': [253.75662231445312, 733.3516845703125, 287.2861633300781, 848.6812744140625]}, {'class': 'bottle', 'confidence': 0.4459749162197113, 'bbox': [176.35641479492188, 453.41827392578125, 225.20767211914062, 562.311767578125]}, {'class': 'bottle', 'confidence': 0.4349454641342163, 'bbox': [494.05059814453125, 375.2877197265625, 531.0379028320312, 456.2120361328125]}, {'class': 'bottle', 'confidence': 0.40731051564216614, 'bbox': [794.893310546875, 815.4739379882812, 823.0828857421875, 884.6951293945312]}, {'class': 'bottle', 'confidence': 0.4062907099723816, 'bbox': [313.4482421875, 726.81103515625, 347.6634521484375, 845.3055419921875]}, {'class': 'bottle', 'confidence': 0.39240309596061707, 'bbox': [312.0218811035156, 608.2154541015625, 351.1841735839844, 709.2989501953125]}, {'class': 'bottle', 'confidence': 0.3764137029647827, 'bbox': [278.67462158203125, 469.3369445800781, 319.29473876953125, 558.3310546875]}, {'class': 'bottle', 'confidence': 0.37218785285949707, 'bbox': [230.39141845703125, 456.2491455078125, 277.58642578125, 559.5941162109375]}, {'class': 'bottle', 'confidence': 0.32826653122901917, 'bbox': [393.1168518066406, 583.0709228515625, 432.5935363769531, 699.3028564453125]}, {'class': 'bottle', 'confidence': 0.3277135491371155, 'bbox': [697.3184204101562, 828.3358154296875, 727.8135375976562, 903.6395263671875]}, {'class': 'bottle', 'confidence': 0.31428781151771545, 'bbox': [768.4482421875, 816.8927001953125, 791.780517578125, 889.0234375]}, {'class': 'bottle', 'confidence': 0.3072517514228821, 'bbox': [775.014404296875, 815.8792724609375, 800.28515625, 886.6253662109375]}, {'class': 'bottle', 'confidence': 0.30147361755371094, 'bbox': [431.6339416503906, 580.7032470703125, 468.9631652832031, 696.1993408203125]}, {'class': 'bottle', 'confidence': 0.2963957190513611, 'bbox': [827.3409423828125, 819.1201171875, 857.4080810546875, 875.84033203125]}, {'class': 'bottle', 'confidence': 0.2871839702129364, 'bbox': [260.049560546875, 613.1093139648438, 306.860107421875, 711.0740356445312]}, {'class': 'bottle', 'confidence': 0.281659871339798, 'bbox': [743.040771484375, 818.0679931640625, 772.876220703125, 893.1409912109375]}, {'class': 'bottle', 'confidence': 0.2729271948337555, 'bbox': [812.31787109375, 815.9535522460938, 833.7197265625, 881.0639038085938]}]"
188875,tikvahpharma,data\raw\images\tikvahpharma\188875.jpg,lifestyle,"sports ball, person, scissors, person",4,0.7996,"[{'class': 'sports ball', 'confidence': 0.7996258735656738, 'bbox': [527.907470703125, 582.2890014648438, 592.4075317382812, 648.5825805664062]}, {'class': 'person', 'confidence': 0.7289086580276489, 'bbox': [614.1900634765625, 102.35298919677734, 1054.3348388671875, 931.9969482421875]}, {'class': 'scissors', 'confidence': 0.46008700132369995, 'bbox': [804.8453979492188, 649.3754272460938, 926.3631591796875, 764.451904296875]}, {'class': 'person', 'confidence': 0.30233898758888245, 'bbox': [712.4567260742188, 100.28981018066406, 1063.300537109375, 569.174072265625]}]"
188876,tikvahpharma,data\raw\images\tikvahpharma\188876.jpg,other,,0,0.0,[]
188877,tikvahpharma,data\raw\images\tikvahpharma\188877.jpg,other,"scissors, scissors, scissors",3,0.9074,"[{'class': 'scissors', 'confidence': 0.9073542356491089, 'bbox': [160.8997039794922, 317.6031494140625, 522.5704345703125, 770.7318115234375]}, {'class': 'scissors', 'confidence': 0.6267325282096863, 'bbox': [330.5792541503906, 299.737060546875, 666.8289794921875, 775.6192626953125]}, {'class': 'scissors', 'confidence': 0.5577217936515808, 'bbox': [557.4542846679688, 276.87078857421875, 874.0677490234375, 779.9984130859375]}]"
188883,tikvahpharma,data\raw\images\tikvahpharma\188883.jpg,product_display,bottle,1,0.2587,"[{'class': 'bottle', 'confidence': 0.2587232291698456, 'bbox': [674.8016357421875, 187.51544189453125, 793.2041015625, 568.1377563476562]}]"
188887,tikvahpharma,data\raw\images\tikvahpharma\188887.jpg,other,"book, refrigerator",2,0.311,"[{'class': 'book', 'confidence': 0.3109802007675171, 'bbox': [499.1486511230469, 558.764404296875, 755.887451171875, 893.5118408203125]}, {'class': 'refrigerator', 'confidence': 0.2864178717136383, 'bbox': [72.19046783447266, 10.93224048614502, 1004.1669311523438, 960.0]}]"
188888,tikvahpharma,data\raw\images\tikvahpharma\188888.jpg,other,,0,0.0,[]
188889,tikvahpharma,data\raw\images\tikvahpharma\188889.jpg,other,,0,0.0,[]
188890,tikvahpharma,data\raw\images\tikvahpharma\188890.jpg,other,book,1,0.2908,"[{'class': 'book', 'confidence': 0.2907606363296509, 'bbox': [0.0, 42.06999206542969, 653.9518432617188, 701.4864501953125]}]"
188891,tikvahpharma,data\raw\images\tikvahpharma\188891.jpg,other,,0,0.0,[]
188901,tikvahpharma,data\raw\images\tikvahpharma\188901.jpg,other,,0,0.0,[]
188903,tikvahpharma,data\raw\images\tikvahpharma\188903.jpg,lifestyle,"sports ball, person, scissors, person",4,0.7996,"[{'class': 'sports ball', 'confidence': 0.7996258735656738, 'bbox': [527.907470703125, 582.2890014648438, 592.4075317382812, 648.5825805664062]}, {'class': 'person', 'confidence': 0.7289086580276489, 'bbox': [614.1900634765625, 102.35298919677734, 1054.3348388671875, 931.9969482421875]}, {'class': 'scissors', 'confidence': 0.46008700132369995, 'bbox': [804.8453979492188, 649.3754272460938, 926.3631591796875, 764.451904296875]}, {'class': 'person', 'confidence': 0.30233898758888245, 'bbox': [712.4567260742188, 100.28981018066406, 1063.300537109375, 569.174072265625]}]"
188907,tikvahpharma,data\raw\images\tikvahpharma\188907.jpg,lifestyle,"sports ball, person, scissors, person",4,0.7996,"[{'class': 'sports ball', 'confidence': 0.7996258735656738, 'bbox': [527.907470703125, 582.2890014648438, 592.4075317382812, 648.5825805664062]}, {'class': 'person', 'confidence': 0.7289086580276489, 'bbox': [614.1900634765625, 102.35298919677734, 1054.3348388671875, 931.9969482421875]}, {'class': 'scissors', 'confidence': 0.46008700132369995, 'bbox': [804.8453979492188, 649.3754272460938, 926.3631591796875, 764.451904296875]}, {'class': 'person', 'confidence': 0.30233898758888245, 'bbox': [712.4567260742188, 100.28981018066406, 1063.300537109375, 569.174072265625]}]"
188914,tikvahpharma,data\raw\images\tikvahpharma\188914.jpg,other,,0,0.0,[]
188915,tikvahpharma,data\raw\images\tikvahpharma\188915.jpg,other,"scissors, scissors, scissors",3,0.9074,"[{'class': 'scissors', 'confidence': 0.9073542356491089, 'bbox': [160.8997039794922, 317.6031494140625, 522.5704345703125, 770.7318115234375]}, {'class': 'scissors', 'confidence': 0.6267325282096863, 'bbox': [330.5792541503906, 299.737060546875, 666.8289794921875, 775.6192626953125]}, {'class': 'scissors', 'confidence': 0.5577217936515808, 'bbox': [557.4542846679688, 276.87078857421875, 874.0677490234375, 779.9984130859375]}]"
188920,tikvahpharma,data\raw\images\tikvahpharma\188920.jpg,promotional,"cell phone, person",2,0.4298,"[{'class': 'cell phone', 'confidence': 0.42984965443611145, 'bbox': [297.66680908203125, 409.31719970703125, 553.9732055664062, 783.9866333007812]}, {'class': 'person', 'confidence': 0.25294458866119385, 'bbox': [140.08599853515625, 601.3194580078125, 241.70913696289062, 740.156005859375]}]"
188927,tikvahpharma,data\raw\images\tikvahpharma\188927.jpg,other,,0,0.0,[]
188931,tikvahpharma,data\raw\images\tikvahpharma\188931.jpg,other,,0,0.0,[]
188941,tikvahpharma,data\raw\images\tikvahpharma\188941.jpg,other,,0,0.0,[]
188942,tikvahpharma,data\raw\images\tikvahpharma\188942.jpg,other,"scissors, scissors, scissors",3,0.9074,"[{'class': 'scissors', 'confidence': 0.9073542356491089, 'bbox': [160.8997039794922, 317.6031494140625, 522.5704345703125, 770.7318115234375]}, {'class': 'scissors', 'confidence': 0.6267325282096863, 'bbox': [330.5792541503906, 299.737060546875, 666.8289794921875, 775.6192626953125]}, {'class': 'scissors', 'confidence': 0.5577217936515808, 'bbox': [557.4542846679688, 276.87078857421875, 874.0677490234375, 779.9984130859375]}]"
188954,tikvahpharma,data\raw\images\tikvahpharma\188954.jpg,lifestyle,"sports ball, person, scissors, person",4,0.7996,"[{'class': 'sports ball', 'confidence': 0.7996258735656738, 'bbox': [527.907470703125, 582.2890014648438, 592.4075317382812, 648.5825805664062]}, {'class': 'person', 'confidence': 0.7289086580276489, 'bbox': [614.1900634765625, 102.35298919677734, 1054.3348388671875, 931.9969482421875]}, {'class': 'scissors', 'confidence': 0.46008700132369995, 'bbox': [804.8453979492188, 649.3754272460938, 926.3631591796875, 764.451904296875]}, {'class': 'person', 'confidence': 0.30233898758888245, 'bbox': [712.4567260742188, 100.28981018066406, 1063.300537109375, 569.174072265625]}]"
188962,tikvahpharma,data\raw\images\tikvahpharma\188962.jpg,product_display,"bottle, bottle, bottle, refrigerator, bottle, bottle, bottle, bottle, bottle, bottle, bottle, bottle, bottle, bottle, bottle, bottle, bottle, bottle, bottle, bottle, bottle, bottle",22,0.7156,"[{'class': 'bottle', 'confidence': 0.7155637145042419, 'bbox': [158.80523681640625, 610.164306640625, 207.6302490234375, 720.717041015625]}, {'class': 'bottle', 'confidence': 0.5736801624298096, 'bbox': [102.12200927734375, 611.7568359375, 149.70530700683594, 725.720703125]}, {'class': 'bottle', 'confidence': 0.5660501718521118, 'bbox': [285.6326904296875, 730.090576171875, 318.0736083984375, 850.45361328125]}, {'class': 'refrigerator', 'confidence': 0.5293634533882141, 'bbox': [64.0421142578125, 14.17608642578125, 1153.144775390625, 957.3217163085938]}, {'class': 'bottle', 'confidence': 0.5242188572883606, 'bbox': [212.091064453125, 615.2212524414062, 253.53851318359375, 716.4729614257812]}, {'class': 'bottle', 'confidence': 0.5141347646713257, 'bbox': [253.75662231445312, 733.3516845703125, 287.2861633300781, 848.6812744140625]}, {'class': 'bottle', 'confidence': 0.4459749162197113, 'bbox': [176.35641479492188, 453.41827392578125, 225.20767211914062, 562.311767578125]}, {'class': 'bottle', 'confidence': 0.4349454641342163, 'bbox': [494.05059814453125, 375.2877197265625, 531.0379028320312, 456.2120361328125]}, {'class': 'bottle', 'confidence': 0.40731051564216614, 'bbox': [794.893310546875, 815.4739379882812, 823.0828857421875, 884.6951293945312]}, {'class': 'bottle', 'confidence': 0.4062907099723816, 'bbox': [313.4482421875, 726.81103515625, 347.6634521484375, 845.3055419921875]}, {'class': 'bottle', 'confidence': 0.39240309596061707, 'bbox': [312.0218811035156, 608.2154541015625, 351.1841735839844, 709.2989501953125]}, {'class': 'bottle', 'confidence': 0.3764137029647827, 'bbox': [278.67462158203125, 469.3369445800781, 319.29473876953125, 558.3310546875]}, {'class': 'bottle', 'confidence': 0.37218785285949707, 'bbox': [230.39141845703125, 456.2491455078125, 277.58642578125, 559.5941162109375]}, {'class': 'bottle', 'confidence': 0.32826653122901917, 'bbox': [393.1168518066406, 583.0709228515625, 432.5935363769531, 699.3028564453125]}, {'class': 'bottle', 'confidence': 0.3277135491371155, 'bbox': [697.3184204101562, 828.3358154296875, 727.8135375976562, 903.6395263671875]}, {'class': 'bottle', 'confidence': 0.31428781151771545, 'bbox': [768.4482421875, 816.8927001953125, 791.780517578125, 889.0234375]}, {'class': 'bottle', 'confidence': 0.3072517514228821, 'bbox': [775.014404296875, 815.8792724609375, 800.28515625, 886.6253662109375]}, {'class': 'bottle', 'confidence': 0.30147361755371094, 'bbox': [431.6339416503906, 580.7032470703125, 468.9631652832031, 696.1993408203125]}, {'class': 'bottle', 'confidence': 0.2963957190513611, 'bbox': [827.3409423828125, 819.1201171875, 857.4080810546875, 875.84033203125]}, {'class': 'bottle', 'confidence': 0.2871839702129364, 'bbox': [260.049560546875, 613.1093139648438, 306.860107421875, 711.0740356445312]}, {'class': 'bottle', 'confidence': 0.281659871339798, 'bbox': [743.040771484375, 818.0679931640625, 772.876220703125, 893.1409912109375]}, {'class': 'bottle', 'confidence': 0.2729271948337555, 'bbox': [812.31787109375, 815.9535522460938, 833.7197265625, 881.0639038085938]}]"
188969,tikvahpharma,data\raw\images\tikvahpharma\188969.jpg,other,,0,0.0,[]
